{"cameraMode":{"drawMode":0,"name":"Shaded","section":"Shading Mode"},"sceneLighting":true,"audioPlay":false,"sceneViewState":{"showFog":true,"showMaterialUpdate":false,"showSkybox":true,"showFlares":true,"showImageEffects":true,"showParticleSystems":true},"in2DMode":false,"pivot":{"x":3.7869198322296144,"y":2.574509620666504,"z":0.0},"rotation":{"x":-0.021626653149724008,"y":0.9695934057235718,"z":-0.22529572248458863,"w":-0.09307347983121872},"size":0.8594904541969299,"orthographic":false}